Company,Website,Stage,Location (for search),Country/State (for display on card),Category,One-liner
Getir,getir.com,Growth,Middle East,Turkey,Food,At your door in minutes
Toss,toss.im,Growth,Asia,South Korea,Financial Services,All your financial details at a glance
Monzo,monzo.com,Growth,Europe,United Kingdom,Financial Services,Online banking made easy
Weee!,sayweee.com,Growth,North America,California,Food,Asian and Hispanic groceries delivered
Everly Health,everlyhealth.com,Growth,North America,Texas,Healthcare,Digital healthcare designed for you
Xendit,xendit.co,Growth,Asia,Indonesia,Financial Services,Accept and send payments easily
Daangn,daangn.com,Growth,Asia,South Korea,Entertainment & Social,Make your neighborhood close and warm
Momo,momo.vn,Growth,Asia,Vietnam,Financial Services,Vietnam's No.1 Super Payment Application
Stash,stash.com,Growth,North America,New York,Financial Services,Investing made easy
Tier,tier.app,Growth,Europe,Germany,Transportation,Changing mobility for good
IRL,irl.com,Growth,North America,Hawaii,Entertainment & Social,Do more together
Stori,aplica.storicard.com,Growth,North America,Mexico,Financial Services,The credit card with 100% approval
Musically/TikTok,tiktok.com,Growth,Asia,China,Entertainment & Social,"Social music app, now TikTok"
Amino,aminoapps.com,Growth,North America,New York,Entertainment & Social,Communities for every interest
Anomalie,dressanomalie.com,Early,North America,California,Retail,Custom online wedding dresses
Badi,badi.com,Growth,Europe,Spain,Housing,Rent your room
Bling,bling.eu,Early,Europe,France,Financial Services,Free cash advance
Boulder,boulder.care,Early,North America,Oregon,Healthcare,Telehealth addiction treatment on your terms
Brain Technologies,brain.ai,Growth,North America,California,Retail,The future of shopping has arrived
BukuWarung,bukuwarung.com,Growth,Asia,Indonesia,Financial Services,Digital infrastructure for msmes in Indonesia
Care/of,takecareof.com,Growth,North America,New York,Healthcare,Personalized daily vitamin packs
Citizen,citizen.com,Growth,North America,New York,Entertainment & Social,Where people protect each other
Class101,class101.net,Growth,Asia,South Korea,Education,"Unlock your potential in digital drawing, illustration, crafts & more "
Dosh,dosh.com,Growth,North America,Texas,Financial Services,Automatic cash back when you shop and dine
Elemy,elemy.com,Growth,North America,California,Healthcare,Providing life-changing childhood mental healthcare
Empowerly,empowerly.com,Growth,North America,California,Education,Navigate your journey to top colleges
Eterneva,eterneva.com,Early,North America,Texas,Retail,Remarkable memorial diamonds
Facily,faci.ly,Growth,South America,Brazil,Food,Buy together & pay less
Fever,feverup.com,Growth,Europe,United Kingdom,Entertainment & Social,Inspiring people through experiences
Frank And Oak,frankandoak.com,Growth,North America,Canada,Retail,Inspire better living
Gamestry,gamestry.com,Early,Europe,Spain,Entertainment & Social,Video game guides created by pro esports players
Goodcover,goodcover.com,Early,North America,California,Financial Services,"Fair, modern, cooperative renters insurance"
Greenlight,greenlight.com,Growth,North America,Georgia,Financial Services,Debit card for kids and teens
Grid,getgrid.app,Growth,North America,New York,Financial Services,Your money your choice
Houm,houm.com,Growth,South America,Chile,Housing,Dream home found easy
Jerry,getjerry.com,Growth,North America,California,Transportation,Easiest way to compare and buy car insurance
Kyash,kyash.co,Growth,Asia,Japan,Financial Services,Simple payments and money management
Marco Polo,marcopolo.me,Growth,North America,California,Entertainment & Social,Helping people feel close
Mathpresso,mathpresso.com,Growth,Asia,South Korea,Education,The world's leading personalized learning platform
Memebox,memebox.com,Growth,North America,California,Retail,"Asian beauty products, culture, and trends"
Nomad,nomadhomes.co,Early,Middle East,United Arab Emirates,Housing,Real estate hunter in Dubai
NovaKid,novakidschool.com,Growth,North America,California,Education,Online english classes for kids
Pager,pager.com,Growth,North America,New York,Healthcare,Technology for healthcare collaboration
Photomath,photomath.com,Growth,North America,California,Education,World's most used math app
Pinhome,pinhome.id,Growth,Asia,Indonesia,Housing,Property e-commerce platform
Pocket FM,pocketfm.com,Growth,Asia,India,Entertainment & Social,Lose yourself in the world of audiobooks
Reframe,reframeapp.com,Early,North America,Georgia,Healthcare,Build healthier drinking habits
Retrica,retrica.co,Early,Asia,South Korea,Entertainment & Social,The original filter camera
Rise,risescience.com,Early,North America,California,Healthcare,App tracker for better sleep daily
Scentbird,scentbird.com,Growth,North America,New York,Retail,Monthly perfume subscription box
SimpleHealth,simplehealth.com,Growth,North America,New York,Healthcare,Birth control prescriptions online
Skydrop,getskydrop.com,Growth,North America,Nevada,Transportation,Make delivery instant for everyone
Snow,snowcorp.com,Growth,Asia,South Korea,Entertainment & Social,Make every moment special
Spoon Radio,company.spoonradio.co,Growth,Asia,South Korea,Entertainment & Social,Audio live streaming platform for everyone
StudySmarter,studysmarter.de,Growth,Europe,Germany,Education,The learning app for students
Sweatcoin,sweatcoin.com,Early,Europe,United Kingdom,Healthcare,"Healthier planet. Healthier, wealthier you"
Teachmint,teachmint.com,Growth,Asia,India,Education,Digitize your school and become future ready now
Tide,tide.co,Growth,Europe,United Kingdom,Financial Services,Business banking made better
Tophatter,tophatter.com,Growth,North America,California,Retail,The world's most entertaining live auction site
Treinta,treinta.co,Early,South America,Colombia,Financial Services,Your business at hand
Yellowclass,yellowclass.com,Early,Asia,India,Education,Online free hobby classes for kids
Yolo,onyolo.com,Early,North America,California,Entertainment & Social,What your friends think
Youper,youper.ai,Early,North America,California,Healthcare,Expert care for anxiety and depression
Z League,zleague.gg,Growth,North America,Washington,Entertainment & Social,The world's first skill-based tournament platform
ZeroDown,zerodown.com,Growth,North America,California,Housing,The new way to find homes for sale
Zumper,zumper.com,Growth,North America,California,Housing,"Houses, condos, and apartments for rent"
10분특공대,10minutesquad.com,Seed,Asia,South Korea,Retail,Food market in 10 minutes
Achievable,achievable.me,Seed,North America,California,Education,You'll love studying with Achievable
ADPList,adplist.org,Seed,Asia,India,Education,Learn and grow with help from world-class mentors
Aeoncharge,aeoncharge.com,Seed,North America,Washington,Transportation,Access any electric vehicle charger with one app
Afloat,afloat.life,Seed,North America,Texas,Retail,Say hello to gifting at your fingertips
Aigis,aigis.id,Seed,Asia,Indonesia,Healthcare,Corporate wellness made simple
Air,theairapp.com,Seed,North America,Texas,Entertainment & Social,College sports scholarships at your fingertips
Alfie,joinalfie.com,Seed,North America,New York ,Healthcare,Precision medicine for weight loss
Alinea,alinea-invest.com,Seed,North America,New York,Financial Services,Where you (l)earn money
Alorsfaim,alorsfaim.com,Seed,Europe,France,Retail,Unlock the best Asian delicacies
Ami,getami.co,Seed,Asia,Singapore,Healthcare,Mental wellness coaching for the next generation
Ancana,ancana.co,Seed,North America,Mexico,Housing,Discover the benefits of co-ownership
Andi,andisearch.com,Seed,North America,Florida ,Workplace,Search for the next generation
Anfin,anfin.vn,Seed,Asia,Vietnam,Financial Services,"Investing in securities from only 10,000 VND"
AppX,appx.co.in,Seed,Asia,India,Workplace,Empowering creators with mobile apps
Argo Short Films,watchargo.com,Seed,North America,California,Entertainment & Social,A showcase of the best short films in the world
Artifact,heyartifact.com,Seed,North America,California,Entertainment & Social,We capture family stories 
Astro,astronauts.id,Seed,Asia,Indonesia,Retail,Groceries in 15 mins
Atmana,atmana.org,Seed,Asia,India,Healthcare,Helping 15-30 year olds control tech addictions
Autumn,getautumn.com,Seed,North America,Canada,Healthcare,Preventing burnout in a few simple steps
Avocademy,avocademy.com,Seed,North America,Florida,Education,Affordable and personalized UX/UI design program
Azuki,azuki.co,Seed,North America,California,Entertainment & Social,Read officially licensed digital manga online
Baubap,baubap.com,Seed,North America,Mexico,Financial Services,Instant loans with no credit check or paperwork
beaubble,beaubble.com,Seed,North America,California,Retail,Community-driven beauty
Bemlo,bemlo.se,Seed,Europe,Sweden,Workplace,Find the best staffing company in healthcare
Bentocart,bentocart.com,Seed,North America,California,Retail,"Order once, eat all week"
Better Opinions,betteropinions.in,Seed,Asia,India,Financial Services,Show off your inner trading skills
beU delivery,beudelivery.com,Seed,Africa,Ethiopia,Retail,Food delivery for everyone
Big Whale Labs,bigwhalelabs.com,Seed,North America,Canada,Financial Services,We're building the future
Billdr,billdr.co,Seed,North America,Canada,Retail,Renovate your home with confidence
Bimaplan,bimaplan.co,Seed,Asia,India,Financial Services,Essential financial protection after an accident
bipi,bipi.id,Seed,Asia,Indonesia,Financial Services,Barcode scanner on your cell phone
Block Party,blockpartyapp.com,Seed,North America,California ,Entertainment & Social,"Bye-bye, Twitter trolls"
Blocknom,blocknom.com,Seed,Asia,Indonesia,Financial Services,Crypto earning platform
Bloom,withbloom.com,Seed,Europe,United Kingdom,Financial Services,Your wallet’s new superpower
Bluejay,bluejay.games,Seed,North America,Texas,Entertainment & Social,Use NFTs to create characters
Boardcave,boardcave.com,Seed,North America,Delaware,Retail,The surfer's store
Boo,boo.world,Seed,North America,New York,Entertainment & Social,"Make friends, find love"
Botin,botin.app,Seed,North America,Costa Rica,Financial Services,"Investing in stocks and crypto, made easy"
Brandazine,brandazine.com,Seed,Asia,South Korea,Workplace,Exclusive fashion streaming service for creators
Breach,breachinsured.com,Seed,North America,Georgia,Financial Services,We take on the risk of exchange hacks
Breakaway,breakaway.app,Seed,North America,California,Healthcare,You're stronger than you think
Breakthru,joinbreakthru.com,Seed,North America,New York ,Workplace,Changing the way companies connect with youth
Bring Me That,bringmethat.com,Seed,North America,New York ,Retail,Order food online from restaurants near you
Broad,broad.app,Seed,Europe,United Kingdom,Financial Services,The account and card that connect you to the world
Bueno Finance,buenofinanceinc.com,Seed,Asia,India,Financial Services,Neobank for the blue collared
buildspace,buildspace.so,Seed,North America,California,Financial Services,Home to the world's best Web3 builders
Bundil,enjoybundil.com,Seed,North America,Texas,Financial Services,Crypto investing made simple
Byrdhouse,byrdhouseapp.com,Seed,North America,California ,Entertainment & Social,Video chat with AI-powered real-time translation
ByteLearn,bytelearn.com,Seed,North America,California,Education,"Differentiated, free, step-by-step math help"
Camlist,camlist.com,Seed,Europe,United Kingdom,Retail,The safest way to find your dream pet
Captain Experiences,captainexperiences.com,Seed,North America,Texas,Transportation,Damn good fishing guides
Cash Flow Portal,cashflowportal.com,Seed,North America,Washington,Housing,Real-estate syndication software
CashBook,cashbookapp.in,Seed,Asia,India,Financial Services,Cash management app for business growth
Catalog,catalog.lu,Seed,North America,California,Entertainment & Social,Support your favorite creator
Ceresa,ceresa.com,Seed,North America,Texas,Education,Setting a new standard for leadership development
Cheese,earncheese.com,Seed,North America,California,Financial Services,Banking that rewards you
Clash,clashapp.co,Seed,North America,California,Entertainment & Social,Doing what you love just got easier
Clearing,clearing.com,Seed,North America,New York,Healthcare,Powerful pain relief made easy
Clupp,clupp.com.mx,Seed,North America,Mexico,Financial Services,Cheap insurance for low risk drivers
Commit,commit.dev,Seed,North America,Canada,Workplace,The professional network for startup engineers
Comun,comun.app,Seed,North America,California,Financial Services,Banking with confidence and no hidden charges
CoverRight,coverright.com,Seed,North America,New York,Financial Services,Easily find a Medicare plan with expert support
Crafted,cookwithcrafted.com,Seed,North America,New York ,Entertainment & Social,The live cooking community
Crew,joinacrew.com,Seed,North America,Washington,Education,Design a career you love
CyberConnect,cyberconnect.me,Seed,North America,California ,Financial Services,Connect everyone on Web3
CypherdWallet,cypherd.io,Seed,North America,Washington,Financial Services,A multi-chain wallet for everyone
Deall,usedeall.com,Seed,Asia,Indonesia,Education,Your dream career portal
Defy,defy.club,Seed,Asia,India,Financial Services,India’s first crypto club
Delfina,delfina.com,Seed,North America,California,Healthcare,Creating intelligent pregnancy for all
DigsConnect,digsconnect.com,Seed,Africa,South Africa,Housing,Student and young adult housing
Dime,dime.io,Seed,North America,California ,Financial Services,"NFTs, but for normal people"
Discotech,discotech.me,Seed,North America,California,Entertainment & Social,The #1 nightlife app
Discz,disczmusic.com,Seed,North America,New York,Entertainment & Social,Discover new music
DIVE Studios,divestudios.io,Seed,North America,California,Entertainment & Social,Audio that positively impacts culture and society
Docosan,docosan.com,Seed,Asia,Vietnam,Healthcare,International standard healthcare in your hand
DocVita,docvita.in,Seed,Asia,India,Healthcare,Speak with top doctors & therapists online
Dongnae,dongnae.com,Seed,Asia,South Korea,Housing,Live your best life in Korea with Dongnae
Dopple,thedopple.com,Seed,North America,California,Retail,The worst kept secret in kidswear
Dr. Now,drnow.co.kr,Seed,Asia,South Korea,Healthcare,"Accurate treatment anytime, anywhere"
Dreamworld,playdreamworld.com,Seed,North America,California,Entertainment & Social,The infinite open world creative MMO
Durrioo+,my.duriooplus.com,Seed,Asia,Malaysia,Entertainment & Social,Invest in your child's future
Early Sloth,earlysloth.com,Seed,Asia,South Korea,Workplace,AI-based surveys
earnJarvis,earnjarvis.com,Seed,North America,California,Financial Services,Easy access to the crypto economy
Eastern Standard Times,easternstandardtimes.com,Seed,North America,California,Entertainment & Social,The voice of Asia's youth
Ender,joinender.com,Seed,North America,Texas,Financial Services,Win cash for making cool Minecraft builds
EQL Finance,eqlfinance.com,Seed,North America,Washington D.C.,Financial Services,Small loans for big moments
EthSign,ethsign.xyz,Seed,Asia,Singapore,Workplace,Bring trust to trustless networks
Examedi,examedi.com,Seed,South America,Chile,Healthcare,Uber for healthcare in Latin America
Factor,factor.fyi,Seed,North America,California,Financial Services,"Explore finance, crypto, & macro data in new ways"
Famosos,famosos.com,Seed,North America,Florida,Retail,LatAm's leading celebrity engagement platform
Fanluv,fanluv.app,Seed,North America,California,Entertainment & Social,A social network that lets users monetize content
FastFarma,fastfarma.com,Seed,South America,Ecuador,Retail,One-stop-shop for real estate in LatAm
Fave,faveforfans.com,Seed,Europe,Switzerland,Entertainment & Social,It finally pays off to be a fan
Fig: Food Is Good,foodisgood.com,Seed,North America,New York ,Retail,Your unique food fingerprint
Financial Choice,financialchoice.com,Seed,North America,Washington,Financial Services,Investment accounts linked to a checking account
Finch,finchmoney.com,Seed,North America,Massachusetts,Financial Services,Invest & build credit as you spend
Fingo Africa,fingo.africa,Seed,Africa,Kenya,Financial Services,"Youth, focused, pan-African digital bank"
Finku,finku.id,Seed,Asia,Indonesia,Financial Services,Save more & be financially smarter
Finnt,finnt.com,Seed,North America,Florida,Financial Services,A crypto savings account for your family
Fireside,firesidechat.com,Seed,North America,California,Entertainment & Social,Your stage in every world
FishyHub,fishyhub.com,Seed,Asia,Singapore,Retail,Dream your next tank adventure
Fithub,fithub.com.co,Seed,South America,Colombia,Retail,The one-stop shop for healthy products
FitHub ,fithub.id,Seed,Asia,Indonesia,Healthcare,Most affordable gym and fitness studio
Fitia,fitia.app,Seed,South America,Peru,Healthcare,Lose or gain weight with a smart diet
Fleek,getfleek.app,Seed,Asia,India,Financial Services,Discover buy & manage subscriptions all in one app
Float Health,float.health,Seed,North America,California ,Healthcare,Bring a nurse to your home when you’re sick
Flowly,flowly.world,Seed,North America,California,Healthcare,Take back control of your nervous system
Foody,joinfoody.com,Seed,North America,California,Retail,A recipe marketplace for culinary creators
Fractional,fractional.app,Seed,North America,California,Housing,Fractional ownership of investment properties
Frich,getfrich.com,Seed,North America,New York,Financial Services,If your responsible friend was a finance app
Friends With Benefits,fwb.help,Seed,North America,California,Financial Services,Social DAO
Fringe,fringe.market,Seed,North America,California,Financial Services,Fringe turns fans into partners
FrontPage,front.page,Seed,Asia,India,Financial Services,A place to connect with other investors
FullCircle,teamfullcircle.org,Seed,North America,Georgia,Entertainment & Social,Helping Gen Z manage stress
FunctionUp,functionup.org,Seed,Asia,India,Education,Start your tech career and pay after 1st salary
Gabbi,begabbi.com,Seed,North America,Oregon,Healthcare,Increasing early breast cancer detection
Gaga,gaga-app.com,Seed,Asia,Saudi Arabia,Education,Discover online activities for kids
Gaggle,gaggle.fun,Seed,North America,California ,Entertainment & Social,Next level social gaming
Gauss Money,gauss.money,Seed,North America,New York,Financial Services,Get the most out of credit cards
genei,genei.io,Seed,Europe,United Kingdom,Workplace,Research faster
Genie,genieai.tech,Seed,North America,New York,Financial Services,World’s best crypto investing AI
Glidr,glidr.tv,Seed,North America,Texas,Entertainment & Social,TV is better with friends
Glitzi,glitzi.com.mx,Seed,North America,Mexico,Retail,Spa and beauty services at home
Gobillion,gobillion.co ,Seed,Asia,India,Retail,Explore team buying
GoBuild,go.build,Seed,North America,Texas,Financial Services,The financial tools that help you build faster
Gojom,gojom.com,Seed,South America,Peru,Housing,One-stop-shop for real estate in Latam
Goodable,goodable.co,Seed,North America,Canada,Entertainment & Social,We make good news happen
goodfin,goodfin.com,Seed,North America,California,Financial Services,A new way to invest in your future
Graphic India,graphicindia.com,Seed,Asia,India,Entertainment & Social,Leading India’s character entertainment revolution
Grasshopper,grasshopperkids.com,Seed,North America,California,Education,In-person experiences designed for kids
GroMo,gromo.in,Seed,Asia,India,Financial Services,Manage customers for financial products & earn 
Groovetime,groovetime.com,Seed,North America,California ,Entertainment & Social,The most fun way to own dance NFTs
Halo,shoponhalo.com,Seed,North America,Washington,Retail,Shop with friends & save
Hapi,hapi.trade,Seed,North America,California,Financial Services,Start your own investment portfolio from Latam
HappyCredit,happycredit.in,Seed,Asia,India,Financial Services,India's fastest cashback app
HealthDart,healthdart.co.za,Seed,Africa,South Africa,Healthcare,"Personalized healthcare, made affordable"
Heyfood Africa,heyfood.africa,Seed,Africa,Nigeria,Retail,"Your favorite restaurants, delivered to your door"
Hokali,hokali.co,Seed,North America,California ,Education,Learning new sports has never been easier
Homebase,homebase.com.vn,Seed,Asia,Vietnam,Housing,Unlock the wealth tied up in your home
HomeRoom,livehomeroom.com,Seed,North America,New York,Housing,Roommate living perfected
Honest,honestbank.com,Early,Asia,Singapore,Financial Services,Building the future of finance for Asia
Humbee,humbee.app,Seed,North America,New Jersey,Entertainment & Social,Chat with people without revealing your identity
Infina,infina.vn,Seed,Asia,Singapore,Financial Services,Investment and accumulation app for everyone
InsideOut,lettheinsideout.com,Seed,Europe,United Kingdom,Healthcare,Making people happier and healthier
InstaHop,instahop.com,Seed,North America,Canada,Transportation,Travel by meeting local people
InstaKin,instakin.com,Seed,North America,Missouri,Financial Services,A financial platform for migrant families
Instamed,instamed.in,Seed,Asia,India,Healthcare,"Healing for everyone, at all times"
InsureMyTeam,insuremyteam.com,Seed,Asia,India,Financial Services,A new age employee insurance and wellness platform
IoTeX,iotex.io,Seed,North America,California ,Financial Services,Connecting the real world to Web3
Itchy,itsitchy.com,Seed,Europe,Sweden,Healthcare,Self-confidence in a bottle
Ituloh,ituloh.co,Seed,Asia,Indonesia,Entertainment & Social,Indonesia’s #1 community-based video app
ivee,iveeapp.com,Seed,North America,New York,Healthcare,Individualized concierge care
Jeevam Health,jeevamhealth.com,Seed,Asia,India,Healthcare,Root cause approach to cure thyroid disease
Joon,joonapp.io,Seed,North America,California ,Healthcare,The to-do app for kids with ADHD
Juicy Marbles,juicymarbles.com,Seed,Europe,Slovenia,Food,The tender meaty jewel
Jumpspeak,jumpspeak.com,Seed,North America,Florida,Education,Speak Spanish confidently 24/7
Kaagaz Scanner,kaagaz.app,Seed,Asia,India,Workplace,Indian cam scanner app
Kaleido,kaleido.art,Seed,North America,Texas,Entertainment & Social,Art has a home
Kasaz,kasaz.com,Seed,Europe,Spain,Housing,Buy your apartment quickly and easily
Kaya,kayaclimb.com,Seed,North America,Colorado,Healthcare,"All the beta, all the stoke"
KEIPhone,keiphoneglobal.com,Seed,Africa,Uganda,Entertainment & Social,Connecting and empowering women
Kidato,kidato.com,Seed,Africa,Kenya,Education,Live online classes your child will love
Kilo,kilo.vn,Seed,Asia,Vietnam,Financial Services,We raise the level of Vietnamese sellers
KinderPass,mykinderpass.com,Seed,Asia,Singapore,Healthcare,Developmental activities for babies and toddlers
Kindly,kindlyhis.com,Seed,Asia,India,Healthcare,India's best at-home men's sexual health platform
Kini,kini.id,Seed,Asia,Indonesia,Financial Services,On-demand payroll
Kippa,kippa.africa,Seed,Africa,Nigeria,Financial Services,Bookkeeping & accounting app for SMEs in Nigeria
KitaLulus,kitalulus.com,Seed,Asia,Indonesia,Workplace,"Find work, study, and community"
Kitchenful,kitchenful.com,Seed,Europe,Germany,Retail,Meal planning and groceries
Kluster,mykluster.io,Seed,Asia,India,Education,Focused study groups
Koala,teachwithkoala.com,Seed,North America,California,Education,Where online tutors succeed
Kodda,kodda.mx,Seed,North America,Mexico,Financial Services,All your policies and documents in one place
Koshex,koshex.com,Seed,Asia,India,Financial Services,A new way of investing
Kredi,kredi.mx,Seed,North America,Mexico,Financial Services,A mortgage loan without complications
Lalabox,lalabox.io,Seed,North America,California,Retail,Live stream shopping with unique deals
Landeed,landeed.com,Seed,Asia,India,Housing,Digitize land records in India
Language Learning Market,languagelearningmarket.com,Seed,North America,Texas,Retail,Shop for educational resources in any language
Leap Club,leapclub.in,Seed,Asia,India,Retail,"Absurdly fresh healthy groceries, delivered"
Learners,joinlearners.com,Seed,North America,Canada,Education,Professional learning for everyone
Learnfully,learnfully.com,Seed,North America,California,Education,Where the path to potential starts
Legaci,legaci.shop,Seed,North America,California ,Financial Services,Your Web3 home for VIP experiences
Leland,joinleland.com,Seed,North America,California,Education,"Find a coach, go places"
Lemonade Finance,lemonade.finance,Seed,North America,Canada,Financial Services,Borderless payments for Africans
Lifeat,lifeat.io,Seed,North America,Washington ,Workplace,All-in-one workspace for deep work
Line,useline.com,Seed,North America,California,Financial Services,Get money when it matters
Listed,listed.fans,Seed,Asia,India,Entertainment & Social,"Your growth, fueled by your fans"
Locale,shoplocale.com,Seed,North America,California,Retail,Discover new food from all across the Bay Area
Logcast,logcast.io,Seed,Europe,Sweden,Entertainment & Social,A social network for audio creators and their fans
Lovecast,lovecastapp.com,Seed,North America,California,Entertainment & Social,"A simple, high-quality livestream for your wedding"
Lovo,lovo.ai,Seed,North America,California,Financial Services,Free text to speech online with natural voices
Lumina,lumina.mba,Seed,Asia,Indonesia,Workplace,Find work and community
LunaJoy,hellolunajoy.com,Seed,North America,Florida,Healthcare,Online women's therapy & counseling
Magic Eden,magiceden.io,Early,North America,California,Entertainment & Social,Next-gen Solana NFT marketplace
Maindrop,maindrop.xyz,Seed,North America,Massachusetts,Entertainment & Social,Create and send NFTs to anyone 
Mana,mana.live,Seed,Europe,United Kingdom,Education,"Find a coach, go places"
Marathon Education,marathon.edu.vn,Seed,Asia,Vietnam,Education,The leading online classroom platform
Marble,marblepay.com,Seed,North America,New York,Financial Services,One hub for all your insurance needs
Marriage Pact,marriagepact.com,Seed,North America,California ,Entertainment & Social,Your most compatible partner on your campus
Masters,mastersapp.com,Seed,North America,California ,Healthcare,Train with the best
Materialdepot,materialdepot.in,Seed,Asia,India,Workplace,Online material library for architects & designers
Maven,maven.pet,Seed,North America,Delaware,Retail,Introducing proactive pet care
MedArrive,medarrive.com,Seed,North America,New York ,Healthcare,We power healthcare into the home
Mederva Health,medervahealth.com,Seed,North America,California ,Healthcare,US medical expertise for doctors around the world
Mentorcam,mentor.cam,Seed,North America,California,Education,1:1 advice from otherwise inaccessible mentors
Metaschool,metaschool.so,Seed,Asia,Singapore,Education,Join the Web3 rocketship
Mighty Health,mightyhealth.com,Seed,North America,California ,Healthcare,At-home workout app for people over 50
Mint Songs,mintsongs.com,Seed,North America,Virginia,Entertainment & Social,Connecting fans with artists through their music
Mira,talktomira.com,Seed,North America,New York ,Healthcare,Healthcare you can afford
Momento,tumomento.com,Seed,North America,Mexico,Financial Services,"Making driving easier, safer and cheaper"
Momo Project,momoproject.co,Seed,North America,California,Healthcare,Personalized nutrition for your dog
Moneypool,moneypool.mx,Seed,North America,Mexico,Financial Services,Send and receive payments without bank details
Moni Africa,moni.africa,Seed,Africa,Nigeria,Financial Services,Get enough cash for your POS Business
Monto,monto.mx,Seed,North America,Mexico,Financial Services,Your salary whenever you want
Munily,munily.com,Seed,North America,Panama,Workplace,Safe and connected communities
Musicasa,musicasaa.com,Seed,North America,Florida,Entertainment & Social,Intimate home concerts hosted by music lovers
Musicbuk,musicbuk.com,Seed,North America,Georgia ,Education,Virtual music lessons with top instructors
MyMentor,mymentor.global,Seed,North America,Massachusetts,Education,College application help from top mentors
Mystery,trymystery.com,Seed,North America,Washington,Retail,Bring wonder to work
Nanofin,vuiapp.vn,Seed,Asia,Vietnam,Financial Services,Flexible payroll application
Nestlings,nestlings.com,Seed,North America,California,Education,4 easy steps to your dream study destination
Nextchapter,tonextchapter.com,Seed,Asia,South Korea,Retail,A next generation consumer brands growth platform
NextPay,nextpay.world,Seed,Asia,Philippines,Financial Services,All-in-one banking solution for growing business
NoCap Live,nocapshows.com,Seed,North America,California,Retail,Experience music together
Nomod,nomod.com,Seed,North America,British Virgin Islands,Financial Services,The payment processing app to sell anything
Nook,nookrenovation.com,Seed,Asia,Vietnam,Retail,Easier to renovate your home space
Nophin,nophin.com,Seed,North America,New York,Housing,Landlord bank account & financial software
Numida,numida.com,Seed,Africa,Uganda,Financial Services,Digital credit for African microbusinesses
Nya Labs,nyalabs.com,Seed,North America,California,Financial Services,One stop platform to engage with your communities
Oath Care,oathcare.com,Seed,North America,California ,Healthcare,Expert-led community for modern motherhood
Obimy,obimy.com,Seed,Europe,Ukraine,Entertainment & Social,The world’s first senseger
OckyPocky,ockypocky.com,Seed,Asia,India,Education,Learn English from home
Odiggo,odiggo.xyz,Seed,North America,California,Entertainment & Social,Web3 search protocols for the next 1-billion
Okani,okani.care,Seed,North America,Mexico,Healthcare,Create and maintain long-term healthy habits
OlaClick,olaclick.com,Seed,South America,Peru,Workplace,Receive orders with your digital menu
Ole,oleshop.com,Seed,Asia,Israel,Retail,Fashion at your doorstep
Onyxcard,onyxcard.io,Seed,North America,Florida,Financial Services,Credit card membership for the new generation
OpenChefs,tryopenchefs.com,Seed,North America,California,Retail,"Authentic homemade food, delivered"
Optery,optery.com,Seed,North America,California,Workplace,"Removes your data from Google, and 220+ sites"
Oto,joinoto.com,Seed,Europe,United Kingdom,Healthcare,Manage tinnitus in 10 minutes per day
OurSpace,ourspaceapp.com,Seed,North America,New York,Entertainment & Social,Discover your city's hidden gems
Outlines,livingoutlines.com,Seed,North America,New York,Retail,"The responsible, subscription shower liner system"
Pawjourr,pawjourr.com,Seed,Asia,Singapore,Workplace,Find the pawfect influencer today
PayHippo,payhippo.ng,Seed,Africa,Nigeria,Financial Services,Seamless loans for African small businesses
Pensil,pensil.in,Seed,Asia,India,Entertainment & Social,One platform for all your community needs
Philippo,philippo.io,Seed,South America,Chile,Housing,Sell ​​your property without stress
Phoebe,hiphoebe.com,Seed,North America,New York ,Healthcare,Support for moms from pregnancy through postpartum
PHOENIX,phoenix.ca,Seed,North America,Canada,Healthcare,Canada's first telehealth solution just for men
Pideaky,pideaky.com,Seed,North America,Mexico,Financial Services,A point-of-sale system to digitize stores in Latam
Pigeon Loans,pigeonloans.io,Seed,North America,Florida,Financial Services,Peer to peer lending platform for family & friends
PikkyChat,pikkychat.com,Seed,North America,California,Entertainment & Social,"Be pikky, buy smart"
Pilar,soupilar.com.br,Seed,South America,Brazil,Housing,Exclusive platform for high-end brokers and agents
Pivot,pivot.co,Growth,North America,California ,Healthcare,Breakthrough tech help people quit smoking
Plant Story,plantstory.app,Seed,North America,California,Entertainment & Social,A personal gardening assistant in your pocket
Playbite,playbite.com,Seed,North America,Texas,Entertainment & Social,Earn while playing awesome games
Playhouse,playhouse.so,Seed,North America,California,Housing,The destination for real estate video listings
Plentina,plentina.com,Seed,Asia,Philippines,Financial Services,"Access loans, spend, and repay from your phone"
Plexi,plexipay.co,Seed,North America,New York,Retail,Easiest checkout solution for sellers
Pluto Markets,pluto.markets,Seed,Europe,Denmark,Financial Services,Social investing & zero commission trading to you
Poko,poko.fund,Seed,Asia,Vietnam,Retail,Everything you need to launch your DAO
Polygon,hellopolygon.com,Seed,North America,California,Healthcare,Online testing & support for learning differences
Powerboard,powerboard.com,Seed,North America,California,Healthcare,At-home strength training device with coaching
Powwater,powwater.com,Seed,North America,Wyoming,Healthcare,Order safe drinking water the clean and easy way
Pragmatic Leaders,pragmaticleaders.io,Seed,North America,California,Education,India's No.1 PM courses & certifications
PropReturns,propreturns.com,Seed,North America,California,Housing,Property investing made simple and transparent
Pura Mente,puramente.app,Seed,South America,Argentina,Healthcare,Meditation for your life
Quik,quikpago.com,Seed,South America,Venezuela,Financial Services,The super app for LatAm
Quota Lab,quotabook.com,Seed,Asia,South Korea,Workplace,Make equity simple
Rabbit,rabbitmart.com,Seed,Africa,Egypt,Retail,Groceries and more in 20 minutes
Radius,radiusapp.id,Seed,Asia,Indonesia,Retail,Guaranteed 15 minutes to the destination
Ramper,ramper.xyz,Seed,North America,California ,Financial Services,Onboard users instantly
Rare Edition,rareedition.com,Seed,North America,California,Retail,Elevate your collectables
Reach,reach.me,Seed,North America,California,Entertainment & Social,Platform for creator collaboration
ReailtyCoin,realitycoin.org,Seed,North America,California,Workplace,"Global, high quality 360º imagery "
RecordBook,rekord.in,Seed,Asia,India,Workplace,Register and excel sheet app
Revero,revero.com,Seed,North America,California,Healthcare,Our mission Is to reverse chronic diseases
Reviving Mind,revivingmind.com,Seed,North America,Delaware,Healthcare,Insurance-covered group support & health sessions
Rinse Dental,rinse.dental,Seed,North America,California ,Healthcare,Easy to book dental cleanings and exams
Rocket Pocket,rocketpocket.id,Seed,Asia,Indonesia,Financial Services,Finance app for family
S'More Date,smoredate.com,Seed,North America,New York,Entertainment & Social,Chat with them before swiping on them
SaveIN,savein.money,Seed,Asia,India,Financial Services,Flexible payment plans for your healthcare needs
Scener,scener.com,Seed,North America,Washington,Entertainment & Social,Watch TV & movies together
ScriptCo,scriptco.com,Seed,North America,Texas,Healthcare,Save on your generic prescriptions
Seek,seekrecs.com,Seed,North America,New York,Entertainment & Social,"Curated recs on where to eat, drink & explore"
Sēkr,http://sekr.com/,Seed,North America,California ,Transportation,Your complete resource for life on the road
Sendme.ng,sendme.ng,Seed,Africa,Nigeria,Retail,Fresh meat delivered to your doorstep
Shimmer,shimmer.care,Seed,North America,California,Healthcare,"ADHD coaching, your way"
Shopr.tv,shopr.tv,Seed,Asia,India,Retail,"Discover, shop, sell, live"
Shrimpy,shrimpy.io,Seed,North America,California ,Financial Services,Crypto portfolio management
Shuttle Central,shuttlecentral.com,Seed,North America,Mexico,Transportation,Connecting worldwide mobility solutions 
Siglo,siglo.com,Seed,North America,Mexico,Entertainment & Social,Home internet for urban Latin America
Simone Health,meetsimone.com,Seed,North America,California ,Healthcare,Ensure that you’re successful at lifestyle changes
Sirka,sirka.io,Seed,Asia,Indonesia,Healthcare,Personalize a healthy diet with a dietitian
SkillBank,joinskillbank.com,Seed,North America,California,Education,We help people get marketing agency ready
Skillza,skillza.co,Seed,Asia,United Arab Emirates,Education,Online classes for 6-14 year olds
Sleek,onsleek.com,Seed,North America,Canada,Financial Services,Cash back rewards & 1-click checkout every time 
Smart Plate,getsmartplate.com,Seed,North America,Texas,Healthcare,The world's most accurate food tracker
Snazzy,snazzyalign.com,Seed,Asia,India,Retail,A revolution in creating smiles
Snowball Wealth,snowballwealth.com,Seed,North America,California,Financial Services,"Pay debt, build wealth"
So-Col,socol.io,Seed,Asia,Singapore,Entertainment & Social,A new way for fans and creators to collaborate
Soon,soon.app,Seed,North America,Delaware,Financial Services,Fully automated investing
Soundbrenner,soundbrenner.com,Seed,Asia,Hong Kong,Entertainment & Social,Remove the hassle from your music practice
Space Runners,spacerunners.com,Seed,North America,Texas,Financial Services,Metaverse fashion brand
Spline,spline.design,Seed,North America,Delaware,Workplace,Design tool for 3d web browser experiences
Split,split.co,Seed,North America,Florida,Financial Services,"Share a link, split the benefits"
Spoken,spoken.io,Seed,North America,Tennessee,Retail,Never overpay online
Sproutfi,sproutfi.com,Seed,South America,Brazil,Financial Services,Invest in the American market from one dollar
Sssmarket,en.sssmarket.vn,Seed,Asia,Vietnam,Retail,Smart fashion - sustainable shopping
Stack,getstack.in,Seed,Asia,India,Financial Services,Investing on autopilot
Stairs Financial Services,stairsfinancial.com,Seed,North America,New York,Housing,Find a home you can actually afford
Startup Oi,startupoi.com,Seed,Asia,Singapore,Workplace,Professional and social platform for engineers
StockUnlock,stockunlock.com,Seed,North America,New York ,Education,Investment education and analysis platform
StowNest,stownest.com,Seed,Asia,India,Retail,Storage services in Bangalore
Streak,streakcard.com,Seed,Asia,India,Financial Services,The most rewarding digital bank for teenagers
String Soul,stringsoul.co,Seed,Asia,Malaysia,Education,Grow children's interest in music
Strive,strivemath.com,Seed,Asia,Singapore,Education,Empower kids to thrive in math and coding
Studyverse,studyverse.live,Seed,North America,New York ,Entertainment & Social,Your space to study and chill
Super Seguros,super.mx,Seed,North America,Mexico,Financial Services,Quote and contract insurance online
Supermassiv,supermassiv.co,Seed,North America,California,Financial Services,Earn on your terms - just like your music
Swifteam,swifteam.com,Seed,North America,California,Workplace,One-stop device management for remote teams
Tandem,usetandem.com,Seed,North America,Michigan,Financial Services,The easiest way for couples to share expenses
Tavern,tavern.space,Seed,North America,New York,Entertainment & Social,A play2earn network for scholars & guild
Teaching Nomad,teachingnomad.com,Seed,North America,Colorado,Education,Your connection to teaching at home or abroad
Terapify,terapify.com,Seed,North America,Mexico,Healthcare,Emotional support whenever you need it
The Ankler,theankler.com,Seed,North America,California,Entertainment & Social,Don't eat lunch in this town without it
The Factual,thefactual.com,Seed,North America,California,Entertainment & Social,Unbiased news on trending topics
The Third Place,thethirdplace.is,Seed,North America,California,Retail,Cement your spot as a local favorite
The Verticale,theverticale.com,Seed,North America,New York,Retail,"Consciously curated, cool new brands"
Tingo,tingotones.com,Seed,Asia,India,Entertainment & Social,Next generation social dialer app
Titipku,titipku.com,Seed,Asia,Indonesia,Retail,We take care of shopping
Todos Comemos,todoscomemos.com,Seed,South America,Colombia,Retail,The subscription that makes your life easier
Toucan,jointoucan.com,Seed,North America,California,Education,The extension that helps you learn while browsing
Trainman,trainman.in,Seed,Asia,India,Transportation,Easy train ticket booking
Treepz,treepz.com,Seed,Africa,Nigeria,Transportation,Book bus tickets online
Trii,trii.co,Seed,South America,Colombia,Financial Services,Invest in Colombian stocks from your cell phone
TriplePlay,tripleplay.ai,Seed,North America,Canada,Entertainment & Social,Build community across your remote company
Ucanji,ucanji.com,Seed,Asia,India,Education,Largest online dance learning platform
Udhaar Book,udhaar.pk,Seed,Asia,Pakistan,Financial Services,The safest digi khata app in Pakistan
Umba,umba.com,Seed,Africa,Nigeria,Financial Services,A better banking experience
Union54,union54.com,Seed,Africa,Zambia,Financial Services,Issue USD virtual & physical debit cards
Upaway,upaway.app,Seed,North America,California,Transportation,Your trip command center is here
Vacation Home Rents,vacationhomerents.com,Seed,North America,Washington,Transportation,Find the best cheap cabins & vacation home rentals
Valla,valla.kr,Seed,Asia,South Korea,Retail,On demand make-up artists
Venu,venu3d.com,Seed,North America,California,Workplace,Host your next conference in the metaverse
Verak,verak.in,Seed,Asia,India,Financial Services,Protect your business today
Vitalk,vitalk.com.br,Seed,South America,Brazil,Healthcare,Mental health solutions
Waffle,waffleinsurance.com,Seed,North America,New York,Financial Services,"The ""you"" insurance"
wagetap,wagetap.com,Seed,Australia,Australia,Financial Services,Your wage is just a tap away
Walnut,hellowalnut.com,Seed,North America,New York ,Healthcare,Healthcare now. Pay later.
Wantd,getwantd.com,Seed,North America,Delaware,Retail,WANTD makes buying and selling sneakers easy
Wardrobe,joinwardrobe.com,Seed,North America,New York,Retail,Rent designer clothing online or near me
WaveAI,wave-ai.net,Seed,North America,Delaware,Entertainment & Social,Fostering human creativity through AI
Weddily,weddily.com,Seed,North America,California ,Transportation,Venue booking made easy
Wellnite,wellnite.com,Seed,North America,California,Healthcare,Your mental health is our priority
Wilde,wilde.xyz,Seed,North America,California,Entertainment & Social,Find your world
Winno,winno.app,Seed,North America,California,Entertainment & Social,A subscription community for exclusive content
Winter,usewinter.com,Seed,North America,California,Financial Services,Sell NFTs via credit card
Workclass,workclass.co,Seed,Asia,Singapore,Workplace,Find jobs in Singapore
wOS,getwos.co,Seed,North America,Mexico ,Healthcare,Exercise at home
Wrkvbs,wrkvbs.com,Seed,North America,California,Workplace,Find a job you'll love
Wyndly Health,wyndly.com,Seed,North America,New York,Healthcare,Fix your allergies from home
Yave,yave.mx,Seed,North America,Mexico,Financial Services,Modernize mortgage loans
Yezza,yezza.com,Seed,Asia,Malaysia,Retail,Whatsapp storefronts for online sellers
Yhangry,yhangry.com,Seed,Europe,United Kingdom,Retail,Hire a private chef anywhere in the UK
Yummy,yummysuperapp.com,Seed,North America,California,Retail,The LatAm super-app
YUR,yur.energy,Seed,North America,California,Entertainment & Social,Make fitness a game
Zealth,zealth-ai.com,Seed,Asia,Singapore,Healthcare,End-to-end remote monitoring for cancer patients
ZeFi,zefi.io,Seed,North America,California,Financial Services,Only the good side of crypto
Zen,yayzen.com,Seed,North America,California ,Healthcare,Zen is a posture correction software application
Zeta,askzeta.com,Seed,North America,California,Financial Services,Master money as a team
Ziina,ziina.com,Seed,Asia,United Arab Emirates,Financial Services,Meet the best app to replace cash
Zorba,getzorba.com,Seed,Asia,Israel,Housing,"Sell your house online, fast"
Zoro Card,zorocard.com,Seed,North America,Indiana,Financial Services,The first debit card that builds credit 
Zywa,zywa.co,Seed,Asia,United Arab Emirates,Financial Services,A payment card for teens to save & spend money
